Holiday_Flag,Total_Sales,Average_Sales
1,5.0529955156000006E8,1122887.8923555557
0,6.231919435550027E9,1041256.3802088599
