Year,Total_Sales
2012,2.0001328593500025E9
2010,2.2888861204100003E9
2011,2.448200007350001E9
